題號,題目,答案,圖片連結
1,"Q 1看圖拼字   l_____________n A .  lemon  
											_____
										 ID:2644","lemon","https://joytscloud.s3.ap-northeast-1.amazonaws.com/files/albums/spell/MJA/mja_141.jpg?X-Amz-Content-Sha256=UNSIGNED-PAYLOAD&X-Amz-Algorithm=AWS4-HMAC-SHA256&X-Amz-Credential=AKIAUHZXP3JBXL2C4CT5%2F20251007%2Fap-northeast-1%2Fs3%2Faws4_request&X-Amz-Date=20251007T143539Z&X-Amz-SignedHeaders=host&X-Amz-Expires=7200&X-Amz-Signature=1f61dcd2375fe54c306beeedb8e1dfee287eedb15dcafcf570eff6f4d3c88de3"
2,"Q 2看圖拼字   c_____________ks A .  chopsticks  
											__________
										 ID:921","chopsticks","https://joytscloud.s3.ap-northeast-1.amazonaws.com/files/albums/spell/MJA/mja_047.jpg?X-Amz-Content-Sha256=UNSIGNED-PAYLOAD&X-Amz-Algorithm=AWS4-HMAC-SHA256&X-Amz-Credential=AKIAUHZXP3JBXL2C4CT5%2F20251007%2Fap-northeast-1%2Fs3%2Faws4_request&X-Amz-Date=20251007T143539Z&X-Amz-SignedHeaders=host&X-Amz-Expires=7200&X-Amz-Signature=a336d140927f0c0f10636e5de4a79047613a112af76844ff59428352ddb45ee7"
3,"Q 3看圖拼字   f_____________r A .  farmer  
											______
										 ID:3745","farmer","https://joytscloud.s3.ap-northeast-1.amazonaws.com/files/albums/spell/2023/MJA/mja_022.jpg?X-Amz-Content-Sha256=UNSIGNED-PAYLOAD&X-Amz-Algorithm=AWS4-HMAC-SHA256&X-Amz-Credential=AKIAUHZXP3JBXL2C4CT5%2F20251007%2Fap-northeast-1%2Fs3%2Faws4_request&X-Amz-Date=20251007T143539Z&X-Amz-SignedHeaders=host&X-Amz-Expires=7200&X-Amz-Signature=bf6d0e20c807179ebdf5e178358909195e297955310bfb84fd5f5d111a9726b7"
4,"Q 4看圖拼字   b_____________y A .  butterfly  
											_________
										 ID:3126","butterfly","https://joytscloud.s3.ap-northeast-1.amazonaws.com/files/albums/spell/MJA/mja_153.jpg?X-Amz-Content-Sha256=UNSIGNED-PAYLOAD&X-Amz-Algorithm=AWS4-HMAC-SHA256&X-Amz-Credential=AKIAUHZXP3JBXL2C4CT5%2F20251007%2Fap-northeast-1%2Fs3%2Faws4_request&X-Amz-Date=20251007T143539Z&X-Amz-SignedHeaders=host&X-Amz-Expires=7200&X-Amz-Signature=86942a8f85a6a309822e36260dcedfb3309d2620dcf343605679fe1c3a9801c8"
5,"Q 5看圖拼字   k_____________e A .  kite  
											____
										 ID:2004","kite","https://joytscloud.s3.ap-northeast-1.amazonaws.com/files/albums/spell/MJA/mja_101.jpg?X-Amz-Content-Sha256=UNSIGNED-PAYLOAD&X-Amz-Algorithm=AWS4-HMAC-SHA256&X-Amz-Credential=AKIAUHZXP3JBXL2C4CT5%2F20251007%2Fap-northeast-1%2Fs3%2Faws4_request&X-Amz-Date=20251007T143539Z&X-Amz-SignedHeaders=host&X-Amz-Expires=7200&X-Amz-Signature=4fe8952483a0cfe2f95aaa8f6e271ed79fe30a61ca75b6813eaf167d028d4654"
6,"Q 6看圖拼字   s_____________n A .  seven  
											_____
										 ID:2632","seven","https://joytscloud.s3.ap-northeast-1.amazonaws.com/files/albums/spell/MJA/mja_129.jpg?X-Amz-Content-Sha256=UNSIGNED-PAYLOAD&X-Amz-Algorithm=AWS4-HMAC-SHA256&X-Amz-Credential=AKIAUHZXP3JBXL2C4CT5%2F20251007%2Fap-northeast-1%2Fs3%2Faws4_request&X-Amz-Date=20251007T143539Z&X-Amz-SignedHeaders=host&X-Amz-Expires=7200&X-Amz-Signature=1e3ea8d845ffb48103ccda54d2e3fbcbaf221f14a543c06eddb47370391f249b"
7,"Q 7看圖拼字   r_____________d A .  read  
											____
										 ID:934","read","https://joytscloud.s3.ap-northeast-1.amazonaws.com/files/albums/spell/MJA/mja_060.jpg?X-Amz-Content-Sha256=UNSIGNED-PAYLOAD&X-Amz-Algorithm=AWS4-HMAC-SHA256&X-Amz-Credential=AKIAUHZXP3JBXL2C4CT5%2F20251007%2Fap-northeast-1%2Fs3%2Faws4_request&X-Amz-Date=20251007T143539Z&X-Amz-SignedHeaders=host&X-Amz-Expires=7200&X-Amz-Signature=d4a974610afb9e1c54d2a7c127005e4fca503a50e0ad802c0f8dd041c16dbca4"
8,"Q 8看圖拼字   d_____________r A .  doctor  
											______
										 ID:2011","doctor","https://joytscloud.s3.ap-northeast-1.amazonaws.com/files/albums/spell/MJA/mja_108.jpg?X-Amz-Content-Sha256=UNSIGNED-PAYLOAD&X-Amz-Algorithm=AWS4-HMAC-SHA256&X-Amz-Credential=AKIAUHZXP3JBXL2C4CT5%2F20251007%2Fap-northeast-1%2Fs3%2Faws4_request&X-Amz-Date=20251007T143539Z&X-Amz-SignedHeaders=host&X-Amz-Expires=7200&X-Amz-Signature=9585bc785f4cd4b3ea27229caf1f8821bf9863ba083a5e5c90aa26f604cc3503"
9,"Q 9看圖拼字   s_____________i A .  sushi  
											_____
										 ID:3750","sushi","https://joytscloud.s3.ap-northeast-1.amazonaws.com/files/albums/spell/2023/MJA/mja_027.jpg?X-Amz-Content-Sha256=UNSIGNED-PAYLOAD&X-Amz-Algorithm=AWS4-HMAC-SHA256&X-Amz-Credential=AKIAUHZXP3JBXL2C4CT5%2F20251007%2Fap-northeast-1%2Fs3%2Faws4_request&X-Amz-Date=20251007T143539Z&X-Amz-SignedHeaders=host&X-Amz-Expires=7200&X-Amz-Signature=e4a2a17cc4a4a140f723ac848b45d32d9c6d5485c493a382da37e98fa272049c"
10,"Q 10看圖拼字   s_____________r A .  sticker  
											_______
										 ID:186","sticker","https://joytscloud.s3.ap-northeast-1.amazonaws.com/files/albums/spell/MJA/mja_015.jpg?X-Amz-Content-Sha256=UNSIGNED-PAYLOAD&X-Amz-Algorithm=AWS4-HMAC-SHA256&X-Amz-Credential=AKIAUHZXP3JBXL2C4CT5%2F20251007%2Fap-northeast-1%2Fs3%2Faws4_request&X-Amz-Date=20251007T143539Z&X-Amz-SignedHeaders=host&X-Amz-Expires=7200&X-Amz-Signature=1d0aaf2d6928f739759079b628f74410e56c348099e90bbc36ce6332a7ae3416"
11,"Q 11看圖拼字   u_____________r A .  under  
											_____
										 ID:1304","under","https://joytscloud.s3.ap-northeast-1.amazonaws.com/files/albums/spell/MJA/mja_069.jpg?X-Amz-Content-Sha256=UNSIGNED-PAYLOAD&X-Amz-Algorithm=AWS4-HMAC-SHA256&X-Amz-Credential=AKIAUHZXP3JBXL2C4CT5%2F20251007%2Fap-northeast-1%2Fs3%2Faws4_request&X-Amz-Date=20251007T143539Z&X-Amz-SignedHeaders=host&X-Amz-Expires=7200&X-Amz-Signature=1bd437d78e7954e2cc28468f9bba9e9c92454d9e6568933f8825f3b612734023"
12,"Q 12看圖拼字   s_____________h A .  sandwich  
											________
										 ID:3135","sandwich","https://joytscloud.s3.ap-northeast-1.amazonaws.com/files/albums/spell/MJA/mja_162.jpg?X-Amz-Content-Sha256=UNSIGNED-PAYLOAD&X-Amz-Algorithm=AWS4-HMAC-SHA256&X-Amz-Credential=AKIAUHZXP3JBXL2C4CT5%2F20251007%2Fap-northeast-1%2Fs3%2Faws4_request&X-Amz-Date=20251007T143539Z&X-Amz-SignedHeaders=host&X-Amz-Expires=7200&X-Amz-Signature=162555deab324261ed79525caf465941a19e287eeef0951949262931c8b1283a"
13,"Q 13看圖拼字   w_____________y A .  windy  
											_____
										 ID:2646","windy","https://joytscloud.s3.ap-northeast-1.amazonaws.com/files/albums/spell/MJA/mja_143.jpg?X-Amz-Content-Sha256=UNSIGNED-PAYLOAD&X-Amz-Algorithm=AWS4-HMAC-SHA256&X-Amz-Credential=AKIAUHZXP3JBXL2C4CT5%2F20251007%2Fap-northeast-1%2Fs3%2Faws4_request&X-Amz-Date=20251007T143539Z&X-Amz-SignedHeaders=host&X-Amz-Expires=7200&X-Amz-Signature=dceac90cc0c7f46d182860ebf3025c0af169810a7f39f1b4912cf254b9b503ec"
14,"Q 14看圖拼字   T_____________n A .  Taiwan  
											______
										 ID:2641","Taiwan","https://joytscloud.s3.ap-northeast-1.amazonaws.com/files/albums/spell/MJA/mja_138.jpg?X-Amz-Content-Sha256=UNSIGNED-PAYLOAD&X-Amz-Algorithm=AWS4-HMAC-SHA256&X-Amz-Credential=AKIAUHZXP3JBXL2C4CT5%2F20251007%2Fap-northeast-1%2Fs3%2Faws4_request&X-Amz-Date=20251007T143539Z&X-Amz-SignedHeaders=host&X-Amz-Expires=7200&X-Amz-Signature=35ead3e5915ff279560f7f8101d9cb8283baf0f40f7913e3cf44f7439b6591e9"
15,"Q 15看圖拼字   w_____________h A .  watch  
											_____
										 ID:3733","watch","https://joytscloud.s3.ap-northeast-1.amazonaws.com/files/albums/spell/2023/MJA/mja_010.jpg?X-Amz-Content-Sha256=UNSIGNED-PAYLOAD&X-Amz-Algorithm=AWS4-HMAC-SHA256&X-Amz-Credential=AKIAUHZXP3JBXL2C4CT5%2F20251007%2Fap-northeast-1%2Fs3%2Faws4_request&X-Amz-Date=20251007T143539Z&X-Amz-SignedHeaders=host&X-Amz-Expires=7200&X-Amz-Signature=aa67b70b4661e319df4edfb33aeedf16a26ed0aa4ea1ea23cc1deaaa99bf02b9"
16,"Q 16看圖拼字   d_____________r A .  door  
											____
										 ID:3753","door","https://joytscloud.s3.ap-northeast-1.amazonaws.com/files/albums/spell/2023/MJA/mja_030.jpg?X-Amz-Content-Sha256=UNSIGNED-PAYLOAD&X-Amz-Algorithm=AWS4-HMAC-SHA256&X-Amz-Credential=AKIAUHZXP3JBXL2C4CT5%2F20251007%2Fap-northeast-1%2Fs3%2Faws4_request&X-Amz-Date=20251007T143539Z&X-Amz-SignedHeaders=host&X-Amz-Expires=7200&X-Amz-Signature=17444ee01ca75a357bc54e765f19a993f5a02dfc4ef216cc9bd819ab4f7b51e6"
17,"Q 17看圖拼字   f_____________r A .  flower  
											______
										 ID:2642","flower","https://joytscloud.s3.ap-northeast-1.amazonaws.com/files/albums/spell/MJA/mja_139.jpg?X-Amz-Content-Sha256=UNSIGNED-PAYLOAD&X-Amz-Algorithm=AWS4-HMAC-SHA256&X-Amz-Credential=AKIAUHZXP3JBXL2C4CT5%2F20251007%2Fap-northeast-1%2Fs3%2Faws4_request&X-Amz-Date=20251007T143539Z&X-Amz-SignedHeaders=host&X-Amz-Expires=7200&X-Amz-Signature=f208038fd9c3196faf7bb6ba15530d87e3004816991956b924a08e76cc52b1ff"
18,"Q 18看圖拼字   b_____________r A .  bear  
											____
										 ID:3148","bear","https://joytscloud.s3.ap-northeast-1.amazonaws.com/files/albums/spell/MJA/mja_175.jpg?X-Amz-Content-Sha256=UNSIGNED-PAYLOAD&X-Amz-Algorithm=AWS4-HMAC-SHA256&X-Amz-Credential=AKIAUHZXP3JBXL2C4CT5%2F20251007%2Fap-northeast-1%2Fs3%2Faws4_request&X-Amz-Date=20251007T143539Z&X-Amz-SignedHeaders=host&X-Amz-Expires=7200&X-Amz-Signature=028584f25597e5515338841ab599131ceb54860f409563d0139eeb17d5833737"
19,"Q 19看圖拼字   c_____________n A .  crayon  
											______
										 ID:3726","crayon","https://joytscloud.s3.ap-northeast-1.amazonaws.com/files/albums/spell/2023/MJA/mja_003.jpg?X-Amz-Content-Sha256=UNSIGNED-PAYLOAD&X-Amz-Algorithm=AWS4-HMAC-SHA256&X-Amz-Credential=AKIAUHZXP3JBXL2C4CT5%2F20251007%2Fap-northeast-1%2Fs3%2Faws4_request&X-Amz-Date=20251007T143539Z&X-Amz-SignedHeaders=host&X-Amz-Expires=7200&X-Amz-Signature=e75e4b12132c615d86a479106cc67011a054aecf7829cb4f2d7ee21bc56a8a48"
20,"Q 20看圖拼字   p_____________a A .  papaya  
											______
										 ID:930","papaya","https://joytscloud.s3.ap-northeast-1.amazonaws.com/files/albums/spell/MJA/mja_056.jpg?X-Amz-Content-Sha256=UNSIGNED-PAYLOAD&X-Amz-Algorithm=AWS4-HMAC-SHA256&X-Amz-Credential=AKIAUHZXP3JBXL2C4CT5%2F20251007%2Fap-northeast-1%2Fs3%2Faws4_request&X-Amz-Date=20251007T143539Z&X-Amz-SignedHeaders=host&X-Amz-Expires=7200&X-Amz-Signature=a3782962eccf599e1c39b0d6da21fc597aa1768a7c678273dd96e384eefb0b00"
21,"Q 21看圖拼字   d_____________k A .  desk  
											____
										 ID:2010","desk","https://joytscloud.s3.ap-northeast-1.amazonaws.com/files/albums/spell/MJA/mja_107.jpg?X-Amz-Content-Sha256=UNSIGNED-PAYLOAD&X-Amz-Algorithm=AWS4-HMAC-SHA256&X-Amz-Credential=AKIAUHZXP3JBXL2C4CT5%2F20251007%2Fap-northeast-1%2Fs3%2Faws4_request&X-Amz-Date=20251007T143539Z&X-Amz-SignedHeaders=host&X-Amz-Expires=7200&X-Amz-Signature=c3ce4905b7f5e77d0a93909a80dda315f16c6b79085d27d1916c3f3772b99ec5"
22,"Q 22看圖拼字   j_____________e A .  juice  
											_____
										 ID:1321","juice","https://joytscloud.s3.ap-northeast-1.amazonaws.com/files/albums/spell/MJA/mja_086.jpg?X-Amz-Content-Sha256=UNSIGNED-PAYLOAD&X-Amz-Algorithm=AWS4-HMAC-SHA256&X-Amz-Credential=AKIAUHZXP3JBXL2C4CT5%2F20251007%2Fap-northeast-1%2Fs3%2Faws4_request&X-Amz-Date=20251007T143539Z&X-Amz-SignedHeaders=host&X-Amz-Expires=7200&X-Amz-Signature=9ff355fc1bf031b5643a0242065ea4469093fd9ac0c4008138c3bcdd4d31f684"
23,"Q 23看圖拼字   s_____________r A .  sugar  
											_____
										 ID:929","sugar","https://joytscloud.s3.ap-northeast-1.amazonaws.com/files/albums/spell/MJA/mja_055.jpg?X-Amz-Content-Sha256=UNSIGNED-PAYLOAD&X-Amz-Algorithm=AWS4-HMAC-SHA256&X-Amz-Credential=AKIAUHZXP3JBXL2C4CT5%2F20251007%2Fap-northeast-1%2Fs3%2Faws4_request&X-Amz-Date=20251007T143539Z&X-Amz-SignedHeaders=host&X-Amz-Expires=7200&X-Amz-Signature=afb579e44a3f77f8e5d441c575e1542fc28278fe2806fcc37177ff2eeac72773"
24,"Q 24看圖拼字   m_____________y A .  monkey  
											______
										 ID:1999","monkey","https://joytscloud.s3.ap-northeast-1.amazonaws.com/files/albums/spell/MJA/mja_096.jpg?X-Amz-Content-Sha256=UNSIGNED-PAYLOAD&X-Amz-Algorithm=AWS4-HMAC-SHA256&X-Amz-Credential=AKIAUHZXP3JBXL2C4CT5%2F20251007%2Fap-northeast-1%2Fs3%2Faws4_request&X-Amz-Date=20251007T143539Z&X-Amz-SignedHeaders=host&X-Amz-Expires=7200&X-Amz-Signature=c994ce325d38f07371c4c2449bb7a356d9b724ab322a8019ad5ac2f9b734d1df"
25,"Q 25看圖拼字   f_____________t A .  feet  
											____
										 ID:188","feet","https://joytscloud.s3.ap-northeast-1.amazonaws.com/files/albums/spell/MJA/mja_017.jpg?X-Amz-Content-Sha256=UNSIGNED-PAYLOAD&X-Amz-Algorithm=AWS4-HMAC-SHA256&X-Amz-Credential=AKIAUHZXP3JBXL2C4CT5%2F20251007%2Fap-northeast-1%2Fs3%2Faws4_request&X-Amz-Date=20251007T143539Z&X-Amz-SignedHeaders=host&X-Amz-Expires=7200&X-Amz-Signature=b2764e038ec09409d45fc0e7b80256bee04cd13828724c920b9bca1e22cf6c58"
26,"Q 26看圖拼字   c_____________p A .  cap  
											___
										 ID:2633","cap","https://joytscloud.s3.ap-northeast-1.amazonaws.com/files/albums/spell/MJA/mja_130.jpg?X-Amz-Content-Sha256=UNSIGNED-PAYLOAD&X-Amz-Algorithm=AWS4-HMAC-SHA256&X-Amz-Credential=AKIAUHZXP3JBXL2C4CT5%2F20251007%2Fap-northeast-1%2Fs3%2Faws4_request&X-Amz-Date=20251007T143539Z&X-Amz-SignedHeaders=host&X-Amz-Expires=7200&X-Amz-Signature=498f6c37d5a86abe900fcfb96db0f8dedeabbeea428cf6e975c4799ee79bc5f9"
27,"Q 27看圖拼字   m_____________n A .  magician  
											________
										 ID:1315","magician","https://joytscloud.s3.ap-northeast-1.amazonaws.com/files/albums/spell/MJA/mja_080.jpg?X-Amz-Content-Sha256=UNSIGNED-PAYLOAD&X-Amz-Algorithm=AWS4-HMAC-SHA256&X-Amz-Credential=AKIAUHZXP3JBXL2C4CT5%2F20251007%2Fap-northeast-1%2Fs3%2Faws4_request&X-Amz-Date=20251007T143539Z&X-Amz-SignedHeaders=host&X-Amz-Expires=7200&X-Amz-Signature=1148e21df4872337ab2e9ee8a977dd1320fc6d219a941641c6d38128b56c100c"
28,"Q 28看圖拼字   s_____________k A .  sick  
											____
										 ID:1317","sick","https://joytscloud.s3.ap-northeast-1.amazonaws.com/files/albums/spell/MJA/mja_082.jpg?X-Amz-Content-Sha256=UNSIGNED-PAYLOAD&X-Amz-Algorithm=AWS4-HMAC-SHA256&X-Amz-Credential=AKIAUHZXP3JBXL2C4CT5%2F20251007%2Fap-northeast-1%2Fs3%2Faws4_request&X-Amz-Date=20251007T143539Z&X-Amz-SignedHeaders=host&X-Amz-Expires=7200&X-Amz-Signature=76434261f103bd7f8847435fb2378dbb3f66b0c8886ce4875818a3e71edfcf2e"
29,"Q 29看圖拼字   tape r_____________r A .  recorder  
											________
										 ID:928","recorder","https://joytscloud.s3.ap-northeast-1.amazonaws.com/files/albums/spell/MJA/mja_054.jpg?X-Amz-Content-Sha256=UNSIGNED-PAYLOAD&X-Amz-Algorithm=AWS4-HMAC-SHA256&X-Amz-Credential=AKIAUHZXP3JBXL2C4CT5%2F20251007%2Fap-northeast-1%2Fs3%2Faws4_request&X-Amz-Date=20251007T143539Z&X-Amz-SignedHeaders=host&X-Amz-Expires=7200&X-Amz-Signature=30c57bf34471a8db63744f3cec42ddc5aa2c1d5f789222e5b518e1478fe957ca"
30,"Q 30看圖拼字   j_____________t A .  jacket  
											______
										 ID:3152","jacket","https://joytscloud.s3.ap-northeast-1.amazonaws.com/files/albums/spell/MJA/mja_179.jpg?X-Amz-Content-Sha256=UNSIGNED-PAYLOAD&X-Amz-Algorithm=AWS4-HMAC-SHA256&X-Amz-Credential=AKIAUHZXP3JBXL2C4CT5%2F20251007%2Fap-northeast-1%2Fs3%2Faws4_request&X-Amz-Date=20251007T143539Z&X-Amz-SignedHeaders=host&X-Amz-Expires=7200&X-Amz-Signature=a0fb3d278f001830f72f27a36dc901931d5cf3a05b4645707454e6d8b8239af4"
31,"Q 31文意字彙 I want two h_____ers and three hot dogs.  h_____________ers A .  hamburgers  
											__________
										 ID:3183","hamburgers",""
32,"Q 32文意字彙 Amy is riding a s_____d at the park.  s_____________d A .  skateboard  
											__________
										 ID:2679","skateboard",""
33,"Q 33文意字彙 I'm hungry. I want a h_____r.  h_____________r A .  hamburger  
											_________
										 ID:3790","hamburger",""
34,"Q 34文意字彙 There are two pencils and one e_____r in my bag.  e_____________r A .  eraser  
											______
										 ID:947","eraser",""
35,"Q 35文意字彙 Meggie has a fruit s_____d and an ice cream for dinner (晚餐).  s_____________d A .  salad  
											_____
										 ID:3791","salad",""
36,"Q 36文意字彙 Peter is riding a s_____r to school.  s_____________r A .  scooter  
											_______
										 ID:2684","scooter",""
37,"Q 37文意字彙 S_____ks are sea (海洋) animals.  S_____________ks A .  Sharks  
											______
										 ID:1349","Sharks",""
38,"Q 38文意字彙 My brother is 7 years old.  He is a cute b_____y.  b_____________y A .  boy  
											___
										 ID:2025","boy",""
39,"Q 39文意字彙 Billy is my c_____n. His father and my father are brothers.  c_____________n A .  cousin  
											______
										 ID:3155","cousin",""
40,"Q 40文意字彙 Kenny has five pets: a dog, two cats, and two r_____its.  r_____________its A .  rabbits  
											_______
										 ID:1347","rabbits",""
41,"Q 41文意字彙 The pig is fat. It's not t_____n.  t_____________n A .  thin  
											____
										 ID:23","thin",""
42,"Q 42文意字彙 I'm b_____ed. Can you play games with me?  b_____________ed A .  bored  
											_____
										 ID:231","bored",""
43,"Q 43文意字彙 Andy is tired. He is sl_____y.  sl_____________y A .  sleepy  
											______
										 ID:3192","sleepy",""
44,"Q 44文意字彙 Good morning! Let's go to s_____l.  s_____________l A .  school  
											______
										 ID:2050","school",""
45,"Q 45文意字彙 Those boxes are full. They're h_____y.  h_____________y A .  heavy  
											_____
										 ID:2036","heavy",""
46,"Q 46文意字彙 Mom is t_____ed. She is sleepy.  t_____________ed A .  tired  
											_____
										 ID:3792","tired",""
47,"Q 47文意字彙 Put some cookies in the p_____e, not in the bowl.  p_____________e A .  plate  
											_____
										 ID:2687","plate",""
48,"Q 48文意字彙 The boy is weak. He's not s_____g.  s_____________g A .  strong  
											______
										 ID:203","strong",""
49,"Q 49文意字彙 There are many b_____lies and bees at the park.  b_____________lies A .  butterflies  
											___________
										 ID:2683","butterflies",""
50,"Q 50文意字彙 We can see many famous (有名的) pictures in this m_____m.  m_____________m A .  museum  
											______
										 ID:3182","museum",""
51,"My father usually l___s to the radio in the morning.","listens",""
52,"My mother tells me to wash the d___s in the kitchen after dinner.","dishes",""
53,"It's not polite to t__k on the phone during a concert.","talk",""
54,"When Tim o__s the door, the cat runs out quickly.","opens",""
55,"My grandfather likes to go mountain c___g. He likes Mt. Ali very much.","climbing",""
56,"John loves to play c___s. He is the best c___s player in our class.","chess",""
57,"I like to w___h TV in my free time, but my mother hates it. She says it's bad for my eyes.","watch",""
58,"The teacher y___s at the students because no one is listening to him.","yells",""
59,"Jane is g___d at sports. She runs fast and plays basketball well.","good",""
60,"Tiffany's mother tells her to c___n her room because her room is too messy.","clean",""
61,"If you want to visit a f___s lake, Sun Moon Lake is a good place to go.","famous",""
62,"The businessman will not a__d the meeting tomorrow because he had a car accident yesterday.","attend",""
63,"I p__d a tea pot in the art class today. I think my grandmother will love it because she loves drinking tea.","painted",""
64,"The actor didn't a__t in a play because he was sick.","act",""
65,"When Eve saw her boyfriend s___e with another girl, she got angry and broke up with him.","skate",""
66,"When Jim saw his daughter c___t with a man, he hid behind them and listened to what they were talking about.","chat",""
67,"The police officer k___s on the door, but no one answers.","knocks",""
68,"There is an empty box on the ground. There is nothing i___e.","inside",""
69,"She didn't take out the trash last night, but she took it out the day b___e yesterday, which was two days ago.","before",""
70,"S______y, my brother hits me in the back and scared me.","Suddenly",""
71,"The clown p__d out of the box and surprised the audience.","popped",""
72,"Timmy feels dizzy because the ball hit his h___d.","head",""
73,"Yvonne likes to study h____y because she is interested in what happened in the past.","history",""
74,"Joanne has to t__y her room, or she will be grounded.","tidy",""
75,"It suddenly starts to rain outside, so I have to dry the c____s or there will be nothing to wear.","clothes",""
76,"The class starts at 8:00, and it's now 7:50. You better h__y to school or you will be late.","hurry",""
77,"Linda forgets to c___y her l___xx this morning and is really hungry now.","lunchbox",""
78,"We always try the moon c__s every Moon Festival because there are more and more new flavors.","cakes",""
79,"As the saying goes, 'When l__e gives you lemon, make lemonade.'","life",""
80,"Please t__y on the clothes before you buy them, or it might be too large or too small.","try",""
81,"You have to be q___k, or the cockroach will disappear at any time.","quick",""
82,"Michael w___s for the bus for thirty minutes at the bus stop every day to get to work.","waits",""
83,"Students are not allowed to use c___s during class. If the teacher sees it, he or she will take it and keep it for you until break time.","cellphones",""
84,"You will get points after you raise your hands and a___r the questions.","answer",""
85,"Don't forget to thank the d____r before you get off the bus or the taxi.","driver",""
86,"The clerk is t___g his report now so that he can get off work on time.","typing",""
87,"Philip forgot to l__k the door before he left, so the thief simply got into the house and stole everything.","lock",""
88,"Annie is a teacher, and Nina is, t___.","too",""
89,"Billy is not a farmer, and Charles isn't, e___r.","either",""
90,"There are six t__s in the dragon boat race, but only one of them can win the championship.","teams",""
91,"Jason is t___g a trip to Japan tomorrow, so he won't come to work next week.","taking",""
92,"A burglar broke i__o my house yesterday. Luckily, no one was hurt, and she got caught in two hours.","into",""
93,"In the art class, the teacher asks the students to draw a p____e of a tiger.","picture",""
94,"There is a sign by the pond that says, 'Do not f__d the fish. They are too fat now.'","feed",""
95,"When I go to the office to see the teacher, she isn't there. So I w___e a n___e and left it on her table.","note",""
96,"In the music class, the teacher asks everyone to sing a s__g in front of the class.","song",""
97,"My little brother likes to fly a k___e at the park when it is windy.","kite",""
98,"I want to take a trip to N____y because I heard that's where the Vikings come from.","Norway",""
99,"Iceland is a popular tourist spot because it's famous for the N______n Lights there.","Northern",""
100,"My favorite part of going camping is sitting by the c___e and chat with my friends at night.","campfire",""
101,"Daniel took a t___n to travel around Taiwan last year.","train",""
102,"Jessie took a s___p to Green Island last month.","ship",""
103,"Kyle needs to get to the airport now, so he takes a t__i there.","taxi",""
104,"If you want to go to Penghu, you can take a p__e there.","plane",""
105,"Ray takes a b__s to school every day.","bus",""
106,"Patrick rides a b__e to cram school on Wednesdays.","bike",""
107,"In New York, you can go almost anywhere by s___y.","subway",""
108,"In Taiwan, most people goes everywhere by riding a s____r because they have a car.","scooter",""
109,"Last weekend, my father d___e a car and took us to Taichung to go shopping.","drove",""
110,"Sandy lives next to the school, so she can w__k to school every day.","walk",""
111,"Justin just came back from The USA, so I picked him up at the a____t.","airport",""
112,"There are sixty minutes in an h__r.","hour",""
113,"Please don't s___e the cola can, or you will have to clean up the mess by yourself.","shake",""
114,"There is s___g inside the box, but I don't know what that is.","something",""
115,"The child f__s down and hits his arm. Now, he is crying.","falls",""
116,"M______s aren't real. They only exist in fairy tales.","Mermaids",""
117,"The famous writer, Andersen, is from D_____k.","Denmark",""
118,"Jarvis saw the s___r near the house last night, and he was scared.","stranger",""
119,"When Diana meets the s___r, she asks him to sign on her bag.","singer",""
120,"The house was b___t seventy years ago. No one lives there now.","built",""
121,"The farmer goes to the market and tries to s__l the cow, but no one wants to buy it.","sell",""
122,"Percy loves turtles, so he asked his mother to b__y one for him.","buy",""
123,"In the art class, the teacher asked the students to d__w their favorite animals.","draw",""
124,"After sixty m____s of work, the shopkeeper takes a rest and closes the shop.","minutes",""
125,"Christine is a fast runner. She can run one hundred meters in twelve s____s.","seconds",""
126,"Two days a__o, a thief came to the store and stole a lot of money.","ago",""
127,"When Roxy sees his friends on the street, he w__s his hands and smiles at them.","waves",""
128,"There are some h___e snakes at the zoo. The kids are scared when they see the snakes.","huge",""
129,"Please s__t the door before you go. It is cold outside.","shut",""
130,"The teacher s__t the rules for the students to follow.","set",""
131,"Aaron h__t the ball so hard that it flew over the field and broke the window.","hit",""
132,"The chef takes out the knife and c__t the pie into ten pieces.","cut",""
133,"The students are asked to r___d the magazine every morning.","read",""
134,"The teacher asks the kids to p___t at the picture that has a circle in it.","point",""
135,"Max doesn't like his sister. They often f__t with each other over small things.","fight",""
136,"The elephants are g___t animals. They can be taller than a building.","giant",""
137,"Don't talk with your mouth full. S_____w the food before you start talking.","Swallow",""
138,"After ten hours of flight, the plane finally l__d at the airport.","landed",""
139,"In the e__d, the thief got caught by the police and returned everything he took.","end",""
140,"If you feel dizzy and your body temperature is high, you might have a f___r.","fever",""
141,"The businessman had a h___e. His head hurt badly.","headache",""
142,"Peter starts coughing and he can't talk well. He has a s__e throat.","throat",""
143,"Roger c___t a cold and didn't come to school yesterday.","caught",""
144,"Remember to see a d____r when you don't feel comfortable.","doctor",""
145,"The worker looks tired. I think he need some r__t.","rest",""
146,"After you see the doctor, make sure you take some m___e to get well sooner.","medicine",""
147,"There should be at least seven w___s in a sentence, or you get no points.","words",""
148,"Kids shouldn't go to dangerous p___s. They should be with their parents.","places",""
149,"Elizabeth and Mason have three k__s. They are all studying in the elementary school now.","kids",""
150,"There is a typhoon coming tomorrow, s__o people are preparing food now.","so",""
151,"In the p__t, when most people didn't have telephones, they wrote letters to contact each other.","past",""
152,"The V_____s were warriors from Norway in the past.","Vikings",""
153,"Taipei is in the n___h of Taiwan.","north",""
154,"There is a w__r going on between Israel and Iran.","war",""
155,"Jonathan is a___d of dark. He thinks there are monsters hiding inside it.","afraid",""
156,"I don't have e___h money to buy the toy. I still need five hundred dollars.","enough",""
157,"Perry doesn't like to eat v___s. He likes to eat meat.","vegetables",""
158,"Thomas' mother only smiles at him when he gets good g___s at school.","grades",""
159,"On Lucy's birthday, her father o___s a big meal to celebrate.","orders",""
160,"It might rain in the afternoon, so don't forget to bring an u___a.","umbrella",""
161,"You have to study h___d to get good grades.","hard",""
162,"The food in the restaurant tastes d___s.","delicious",""
163,"Seth got hit by the car b____e the driver was drunk-driving.","because",""
164,"There is a stranger standing o____e the house. Be careful.","outside",""
165,"There are some c___n playing in the park.","children",""
166,"Wilson lives in a small v____e with his grandfather.","village",""
167,"Remember to bathe the dog in the t__b once every two weeks.","tub",""
168,"Aurora didn't t___w away the trash last night, so she got punished by her father.","throw",""
169,"You are not allowed to p__k flowers in the park.","pick",""
170,"It's cold outside. P__t on the jacket before you go out.","put",""
171,"It's dark in here. Please t__n on the lights.","turn",""
172,"Don't forget to turn o__f the lights before you go out.","off",""
173,"Your clothes are dirty. Please t__e them off.","take",""
174,"Put the trash into the trash c__n.","can",""
175,"There is too much t__h on the ground. Please pick them up.","trash",""
176,"There is a f__n on the ceiling. You can turn it on if it's too hot.","fan",""
177,"The room is so d__k. There is no light.","dark",""
178,"Don't forget to turn off the l___s before you leave the room.","lights",""
179,"There is snow e___e. Let's build a snowman.","everywhere",""
180,"Lance puts the scarf around his n__k because it's really cold outside.","neck",""
181,"People sometimes give a__y free food to help the poor.","away",""
182,"Iris forgets to give b___k the book she borrowed from the library.","back",""
183,"When you're taking a test, please w___e down your answers on the paper.","write",""
184,"My grandfather forgot to b___w out the candle and nearly caused the fire.","blow",""
185,"It's Audrey's eighteenth birthday. There are eighteen c____s on her birthday cake.","candles",""
186,"What is your n___e? You can call me Steven.","name",""
187,"What is your phone n___r? It's 0987-654-321.","number",""
188,"Where do you live? Can you give me your a____s?","address",""
189,"Sheldon asks his mother to pick him up b__y evening.","by",""
190,"The l___e ducks are following their mother.","little",""
191,"Although chickens have w___s, they can't fly.","wings",""
192,"Renolds tries to s___e his brother by suddenly yelling, but it doesn't work.","scare",""
193,"My grandparents loves to watch Chinese TV p___s at night.","programs",""
194,"My mother chats with n___r every day. They talk about everything.","neighbor",""
195,"It could be dangerous to chat on the I______t because you may not know who you are really talking to.","Internet",""
196,"After the chubby man sat on the s___w, it was broken into half.","seesaw",""
197,"Every time Tyrion plays on the s___g, he asks his father to push him higher.","swing",""
198,"There are some children r___________g-r____________g in the park. Be careful when you walk near them.","roller-skating",""
199,"When you go i_________g-i_________g, don't forget to put on some clothes because it could be cold.","ice-skating",""
200,"If Podrick doesn't go to bed n__w, he won't be able to wake up early tomorrow.","now",""
201,"Joffrey w___s that he can become the king when he grows up.","wishes",""
202,"My mother m__s me do my homework now. I don't want to do it, but I have no choice.","makes",""
203,"Every Christmas, Santa Claus rides on the s___d with his reindeers and gives away gifts.","sled",""
204,"Wayne likes to play the g__r in his free time, but his brother thinks it's noisy.","guitar",""
205,"Every time Galahad p___s playing the trumpet, his neighbor comes knocking on his door to make him stop.","practices",""
206,"Diane practices b___n every day because she wants to better at it.","badminton",""
207,"Kimberly practices table t___s every day because she wants to be the best in her class.","tennis",""
208,"In the USA and Australia, playing f___l is very popular.","football",""
209,"Eric really e___s watching movies in his free time.","enjoys",""
210,"The teacher asked the students to f___h their homework in thirty minutes.","finish",""
211,"Humphrey's father tells him to stop laughing, but he k___s doing it.","keeps",""
212,"On Christmas Eve, the adults will dress up as S___a and give the kids presents.","Santa",""
213,"The kids are told to put a s___g in front of their bed in Christmas Eve, and their parents will put the gifts inside it.","stocking",""
214,"The principle didn't come to school today because she had a car a___t on her way to work.","accident",""
215,"Tobey was hit by the b___y in his class today, and his parent were angry about it.","bully",""
216,"The police officer are looking for anyone who saw the r____y at the bank this morning.","robbery",""
217,"'Call 119! The house is on f__e!' Lupin yelled.","fire",""
218,"When Bradford came home from work, he saw a t___f running out his house and called 110.","thief",""
219,"Andy goes to the bank to get some m___y.","money",""
220,"Ten minutes later, the p___e officers comes and saves the old lady.","police",""
221,"The teacher tells the naughty boy if he doesn't say sorry, she will tell his p____s.","parents",""
222,"Please don't t___h the stray animals. They could attack you.","touch",""
223,"Remember to turn off the fan w__n you leave the room.","when",""
224,"Some people say that Michael Jordan is the best basketball player e__r.","ever",""
225,"It's m___t. Please go to bed now, or you will be late tomorrow.","midnight",""
226,"There are a___t twenty kids on the playground.","about",""
227,"The thief steals from a lot of people. He e__n hits an old lady and took her bag.","even",""
228,"Every student in the class s___d follow the class rules.","should",""
229,"Larry really loves French f___s. He wants to drink it every day.","fries",""
230,"Iverson w___d like to have steak for lunch.","would",""
231,"Please don't play with the f__d on your plate. It's impolite.","food",""
232,"Helen feels hungry, but it's not dinner time yet. So, she eats some s___s.","snacks",""
233,"Most of the kids don't want b___s for lunch, but it's healthy for them.","beans",""
234,"Jolyne is going to be late, so she only has t___t for breakfast.","toast",""
235,"There's a new Italian restaurant. You should try its s___i.","spaghetti",""
236,"Benson has a pet mouse. He always feeds it with c___e.","cheese",""
237,"Roxanne is mad because her neighbors are making loud n___s again.","noises",""
238,"Do you hear it? That is the s___d of a bird.","sound",""
239,"How would you like your steak? I would want it r__e.","rare",""
240,"My father wants his steak m___m. It's not too raw, but not too hard to bite.","medium",""
241,"The customer is mad because he wanted his steak medium, but it is served well-d__e.","done",""
242,"w____d made the flowers grow with magic.","wizard",""
243,"The superhero used his p___r to save the city.","power",""
244,"Oscar loves science. He wants to be a s______t when he grows up.","scientist",""
245,"She works as a c__k in a restaurant.","cook",""
246,"The w____r wrote an interesting book. It sold very well.","writer",""
247,"It's time to g__w u__p. You're not a kid anymore.","grow up",""
248,"He had a g___t time at the party with his friends, and he enjoyed the nice music and delicious food.","great",""
249,"We'll l___n to play the guitar tomorrow.","learn",""
250,"She is not h__e right now, but she will be back soon.","here",""
251,"If you eat bad food, you'll b__e sick.","be",""
252,"Something h______d this morning, so Oscar was late for school.","happened",""
253,"Oscar was l__e for school because he got on the wrong bus.","late",""
254,"Because Oscar g__t o__n the wrong bus, he was late for school this morning.","got on",""
255,"Oscar got on the wrong bus because he had to l__k a___r his owl's baby.","look after",""
256,"Oscar said that Yolanda was s___y because she thought that Oscar has a baby.","silly",""
257,"Paragraph: Something h______d this morning, so Oscar was _____ for school. (Fill in: happened)","happened",""
258,"Paragraph: Something happened this morning, so Oscar was l__e for school. (Fill in: late)","late",""
259,"Paragraph: He g__t o__n the wrong bus because he had to look after his owl's baby. (Fill in: got on)","got on",""
260,"Paragraph: He got on the wrong bus because he had to l__k a___r his owl's baby. (Fill in: look after)","look after",""
261,"Paragraph: Oscar told Yolanda not to be s___y because she thought that Oscar has a baby. (Fill in: silly)","silly",""
262,"Hey g__s! Please be quiet when the teacher is talking.","guys",""
263,"My brother and I enjoy watching magic shows. We talk about the magic t____s after watching them.","tricks",""
264,"Tell a teacher or call the police when you see anything that look like a b__b.","bomb",""
265,"That tall g__y standing over there is my cousin. He is 190 centimeters tall.","guy",""
266,"Paragraph: There was a spelling c_____t in our school last Sunday. (Fill in: contest)","contest",""
267,"Paragraph: My friend, Cathy, and I studied very hard for it. We practiced spelling all the words with e__h o___r during the break time. (Fill in: each other)","each other",""
268,"Paragraph: On the test day, I was so nervous that I forgot some words. I didn't know what to do so I just g____d. (Fill in: guessed)","guessed",""
269,"Paragraph: After the test, I l____d a__t my report card and felt a little upset. I will study harder next time! (Fill in: looked at)","looked at",""
270,"Dialog: Alex: Why are you standing by the w__l? (Fill in: wall)","wall",""
271,"Dialog: Ben: I'm l_____g a__t the cats over there. (Fill in: looking at)","looking at",""
272,"Dialog: Ben: They are running after e__h o___r and trying to catch a butterfly. (Fill in: each other)","each other",""
273,"Dialog: Alex: Haha! That's f___y! (Fill in: funny)","funny",""
274,"I have three bananas. One is yellow, and the o___rs are green.","others",""
275,"I have two apples. One is green, and the other is g___n.","golden",""
276,"Time to s___p. Sweet dreams.","sleep",""
277,"It's time to go to bed. Sweet d___ms.","dreams",""
278,"There are two cats. One likes to play with a ball, but the o___r doesn't.","other",""
279,"The princess wore a beautiful g___n crown on her head.","golden",""
280,"After a long day of playing, the tired boy went to s___p.","sleep",""
281,"I had a wonderful d___m about flying in the sky like a bird.","dream",""
282,"Last night, a lot of people g_____d at the department store because there was a big sale.","gathered",""
283,"Mary: I can't find my umbrella. Where did you put it? John: Do you see a box on the shelf? I put it in t___e.","there",""
284,"Why not g____r at John's house and have a barbecue tomorrow?","gather",""
285,"The bakery closed early today, so I couldn't buy any bread. I will go t___e again tomorrow.","there",""
286,"We have walked for such a long time. Can we find a place to s__t and rest?","sit",""
287,"Get a chair and s__t down. Let's enjoy some cake and milk tea together.","sit",""
288,"Patty: Don't forget that we will have lunch with May at 11:30 tomorrow. John: Sure. I will see you t__n.","then",""
289,"I need more time to think about the questions. Can you call me next Monday? I will have the answers t__n.","then",""
290,"The n___e is too loud. I can't hear you.","noise",""
291,"Stop making n___e. My ears hurt.","noise",""
292,"It is r____y hot in the room. Can you turn on the fan, please?","really",""
293,"The question is over my head. I don't k__w the answer.","know",""
294,"After Sara got on the train, she turned a____d and waved goodbye to us.","around",""
295,"Art teacher: Do you want this artwork back or can I k__p it? Lisa: I want to bring it home to my sister as her birthday gift.","keep",""
296,"Uncle Ken l__t his left leg in a car accident two years ago.","lost",""
297,"There were so many people on the bus. We couldn't find any seats to sit on, so we had to s___d.","stand",""
298,"That TV program is r____y funny. I want to watch it again.","really",""
299,"Granny says her feet hurt because she s____s for a long time. We should take her to the doctor.","stands",""
300,"The washing machine made a loud noise, I k__w something was wrong. We need to call someone to fix it.","knew",""
301,"Mom: How much is the skirt? The Clerk: It is 489 dollars. Mom: Here's 500, and you can k__p the change.","keep",""
302,"I can't find my keys. I think I l__t them on the train. What should I do?","lost",""
303,"The whole family was sitting a____d grandpa singing 'Happy Birthday'. Each of us brought a gift for him.","around",""
304,"I f____t to buy milk at the store this morning, so I'll go there again later.","forgot",""
305,"I heard a s_____e sound coming from under my bed at night.","strange",""
306,"I felt so scared that I r__n out of my room.","ran",""
307,"I r__d the novel once, and now I'm reading it again.","read",""
308,"The lights are still on i____e the office.","inside",""
309,"Maybe s_____e is there. Let's see who it is.","someone",""
310,"Yesterday was the Balloon Festival. When we lay down on the g____d.","ground",""
311,"We watched the hot air balloons fly into the a__r.","air",""
312,"When I opened the window this morning, it was snowy. e________g was cold and white.","everything",""
313,"A bird flew down and l____d on my hand. I held the bird and kept it warm.","landed",""
314,"When the e_____e hit yesterday, Samuel was practicing his magic.","earthquake",""
315,"Samuel was practicing his magic when the earthquake hit and he made a h__e in the wall.","hole",""
316,"Jolly was cooking in the school kitchen when the earthquake h__t.","hit",""
317,"When Samuel asked Yolanda about the earthquake news on the newspaper, Yolanda asked him not to r__h her.","rush",""
318,"The news about the earthquake in the newspaper s__s: Fire Dragon and Forest Witches Are up to Something.","says",""
319,"It's important to f____w the steps in the recipe when cooking.","follow",""
320,"You did a great job sharing your toys with your friend. That's the r___t way to be kind.","right",""
321,"The music at the party was too l__d for my ears.","loud",""
322,"When we visit the library, we need to be q___t so that others can read their books.","quiet",""
323,"Can you m__e the chair to the other side of the room, please? We need more space.","move",""
324,"Marvin: How f__r does the sports car drive? Peter: Very f__r on the highway! (first blank)","far",""
325,"Frank: How do we get from one classroom to another? Maggie: Easy! Just walk down the h_____y.","hallway",""
326,"Dad: We should look left and right before crossing the road. Nick: Okay, Daddy! Dad: Good boy! Remember, we must always p_____t ourselves.","protect",""
327,"Some monkeys are very smart. They can finish some t___s with practice. For example, they can open a box and take out food, jump through hoops or stand on a ball.","tasks",""
328,"Molly: Hurry up, o__r we will be late for the train. Cathy: Okay! Let's run!","or",""
329,"Eric: I'm having t_____e with this science report. Iris: Really? I thought it was a piece of cake! Eric: Can you please help me? Iris: Sure! Let's go to the library!","trouble",""
330,"Grandma: The sky is getting dark. Maybe you s____d take an umbrella. Lisa: Okay. I'll be back before dinner. Goodbye!","should",""
331,"When I was driving in Australia, I saw some kangaroos h___g by the road.","hopping",""
332,"The teachers went to the restroom to c__k why the children were shouting.","check",""
333,"Please drive faster. I'm in a h___y because I can't be late for my important meeting.","hurry",""
334,"It's raining heavily now. We are so lucky that we found a c__e to hide from the rain.","cave",""
335,"We are going to visit a famous t__n next month. There is a river passing through it and three small gardens in it.","town",""
336,"Our new teacher looks very s__m and short. I think even my sister's uniform may be big enough for her.","slim",""
337,"The boy was scaring the other kids by wearing a g___t mask.","ghost",""
338,"My little brother showed me the picture he drew. It was a m___r with three eyes and long teeth shouting in a cave.","monster",""
339,"My little sister drank a lot of water and needed to use the r___m in math class. She did not want to go by herself because she read a story about a monster at school.","restroom",""
340,"My backpack is empty. There is n___g in it.","nothing",""
341,"Emily is very famous in our town because she looks l___e the famous actress, Amelia Smith.","like",""
342,"I checked my report S_____l times before I handed it to the teacher.","Several",""
343,"Did you go a___e during the vacation?","anywhere",""
344,"Oh my! The basketball player is a__tall as a tree. No one can pass him!","as",""
345,"Did you see the robber? No. It all happened very s___y.","suddenly",""
346,"The weather is weird. It was sunny a minute ago. Then, It turned dark s___y and started raining.","suddenly",""
347,"There is a lot of s__w in the yard. Can we go out and play?","snow",""
348,"There are many animals living in the w___s. We have to protect the place when we camp here.","woods",""
349,"Excuse me. May I use the restroom? Sorry! It is full of toilet p___r, and the toilet needs to be fixed. If you're in a hurry, you can find one in the gas station on the corner.","paper",""
350,"Miss Smith, may I have a piece of p___r? Kevin and I want to play bingo.","paper",""
351,"What will you do this weekend? I'll clean the balcony and the t___t.","toilet",""
352,"Someone who is able to think quickly and have good ideas (s___t)","smart",""
353,"Someone who works very hard and does their work well (h___g)","hard-working",""
354,"Someone who is kind to people and loves to help everyone (f___y)","friendly",""
355,"Liked or enjoyed by a lot of people (p___r)","popular",""
356,"We are lucky to have such f___y neighbors. They help us look after our dog when we are not home and usually share yummy food with us.","friendly",""
357,"This song was very p___r when my parents were students. Many people who are my parents' age know how to sing this song.","popular",""
358,"Ivy is a h___g student. She always reviews all the subjects and finishes her homework after she gets home.","hard-working",""
359,"Brian is very s___t. He always knows the answers in class.","smart",""
360,"I am laughing because my little brother made a funny f___e at me.","face",""
361,"I think the flowers are very p___y. They have different colors and shapes.","pretty",""
362,"I h__t my arm when I was riding a bike.","hurt",""
363,"I like ice cream v___y much. It's so delicious.","very",""
364,"Can I a__k you a question about the homework?","ask",""
365,"Who will l__d the students to the park? I don't think they know how to get there.","lead",""
366,"Who is that p___n standing near the door? He is my cousin.","person",""
367,"Do you and your friend have the s__e favorite color? Yes, we do. We both like blue.","same",""
368,"We went to the h__l for our picnic. It had a great view!","hill",""
369,"The weather was n__e today. It was sunny and warm.","nice",""
370,"What do you c__l your cat? My cat's name is 'Kitty.' It's a cute name.","call",""
371,"How do you keep your room so n__t? I put things back after I use them. And I tidy up my room every day.","neat",""
372,"Did you know that my sister was b__n last night?","born",""
373,"Oh, that's great! How is she now? She's just a l___e baby, but she's healthy and cute.","little",""
374,"I have a great idea for a game we can play today. Oh yeah? I'm c___s! What game are you thinking of?","curious",""
375,"Let's play h__e a__d-s__k!","hide-and-seek",""
376,"Hey. I saw something interesting at the park today. Really? I'm c___s. Tell me about it.","curious",""
377,"Well, there was a l___e kitten. How cute! How did it look? It looked a bit scared. I tried to let it know I am a kind person, and f___y, it played with me.","little",""
378,"Well, there was a little kitten. How cute! How did it look? It looked a bit scared. I tried to let it know I am a kind person, and f___y, it played with me.","finally",""
379,"We put one more light in our bedroom because it was too d__k.","dark",""
380,"At night, I enjoy watching the l___t stars shining in the sky.","light",""
381,"The lights in this room are too b___t. I can't open my eyes.","bright",""
382,"Last weekend, Troy went fishing and brought many f___h fish home for dinner.","fresh",""
383,"The short trees in this part of the forest are still very y___g because there was a fire here five years ago.","young",""
384,"It's getting d__k. We should go home now, or our parents will be worried.","dark",""
385,"My mom is getting o__d. I can tell from her gray hair. I must do more housework for her.","old",""
386,"Nick looks like a high school student, but he is actually a teacher. He looks y___g for his age.","young",""
387,"The bread smells so great. It is f___h out of the oven.","fresh",""
388,"My sister is a two-year-old girl. She is too y___g, so she doesn't go to school.","young",""
389,"The kitchen is d___r t__n the living room.","darker than",""
390,"The woman is s___r t__n Dennis.","stronger than",""
391,"The ring is c___r t__n the necklace.","cheaper than",""
392,"The plane is f___r t__n the ship.","faster than",""
393,"Maria is y___r t__n Elvin.","younger than",""
394,"The classroom 101 is n___r t__n the classroom 103.","neater than",""
395,"James is t___r t__n Ben right now.","taller than",""
